country	train_ref	feature	train_p5	train_p25	train_p50	train_p75	train_p95	test_p5	test_p25	test_p50	test_p75	test_p95	ks	train_nan	test_nan	train_share	test_share
us	us	p1_margin_b	-0.99997	-0.96456	-0.0026204	-9.9281e-07	0.99991	-0.99998	-0.98821	-0.041605	-4.9242e-06	0.9999	0.15248	0	0		
us	us	p1	2.4598e-08	4.2007e-07	3.6937e-06	0.00035438	0.99992	9.9136e-09	2.1077e-07	2.3216e-06	0.0013454	0.99992	0.072401	0	0		
us	us	p1_rank_a	2	7	13	19	24	2	7	13	19	24	0.006248	0	0		
us	us	p1_other_a	0.33487	0.99986	0.99997	0.99999	1	0.4193	0.99986	0.99997	0.99999	1	0.023843	0	0		
us	us	p1_sum_a	0.57957	2.0717	3.1253	4.414	6.068	0.68126	2.1727	3.2805	4.604	6.1944	0.053606	0	0		
us	us	ntok_max_idf	0	0	7.4177	9.1365	12.095	0	4.0048	7.4402	9.1466	12.221	0.015351	0	0		
us	us	atok_max_idf	0	0	0	7.5914	11.588	0	0	2.5458	8.2549	11.958	0.049308	0	0		
us	us	p1_other_b	0	8.5415e-06	0.0033636	0.96549	0.99998	0	5.7564e-05	0.045485	0.98852	0.99999	0.15052	0	0		
us	us	name_freq_a	0.69315	0.69315	0.69315	1.3863	4.6821	0.69315	0.69315	0.69315	1.3863	4.7005	0.002732	0	0		
us	us	n_cand_b	5	9	19	49	245	5	9	18	46	245	0.021278	0	0		
us	us	p1_n_b	1	3	7	21	119	1	3	6	19	108	0.027693	0	0		
us	us	name_freq_b	0	0	0.69315	1.0986	4.7005	0	0	0.69315	1.0986	4.6821	0.04355	0	0		
us	us	prefix_concat	0	0	0	0.9	1	0	0	0.052632	0.90625	1	0.020568	0	0		
us	us	p1_rank_b	1	2	4	9	55	1	2	3	8	52	0.020954	0	0		
us	us	legal_cat	0	1	2	2	3	0	1	2	2	3	0.010666	0	0		
us	us	addr_empty_b	0	0	0	0	1	0	0	0	0	1	0.027781	0	0		
us	us	num_b	0	0	1	1	2	0	0	1	1	2	0.041781	0	0		
us	us	ret_score	0.073301	0.10506	0.14904	0.27999	0.87538	0.073266	0.10653	0.15382	0.29379	0.87135	0.019684	0	0		
us	us	ntok_b	1	2	3	3	4	1	2	3	3	4	0.037755	0	0		
us	us	num_a	1	1	1	2	2	1	1	1	2	2	0.00029	0	0		
us	us	state_cat	1	1	2	3	3	1	1	2	3	3	0.047441	0	0		
us	us	state_cat=both_empty														0	0
us	us	state_cat=same														0.39407	0.44151
us	us	state_cat=one_empty														0.22784	0.20006
us	us	state_cat=differ														0.37809	0.35842
france	pooled	p1_margin_b	-0.99997	-0.93428	-0.001746	-8.8675e-07	0.99991	-0.99998	-0.98721	-0.037878	-0.00017476	0.99994	0.19049	0	0		
france	pooled	p1	1.1011e-08	4.0676e-07	5.1813e-06	0.0005379	0.99993	1.0411e-07	3.0423e-06	6.7282e-05	0.0086189	0.99998	0.20541	0	0		
france	pooled	p1_rank_a	2	7	13	19	24	2	7	13	19	24	0.004315	0	0		
france	pooled	p1_other_a	0.27358	0.99985	0.99997	0.99999	1	0.84374	0.99996	0.99998	0.99999	1	0.22284	0	0		
france	pooled	p1_sum_a	0.49904	2.0815	3.1361	4.4251	6.076	1.0072	2.6702	3.9217	5.0113	6.9975	0.11161	0	0		
france	pooled	ntok_max_idf	0	0	6.4664	9.083	12.116	0	0	5.6194	8.1883	11.705	0.17958	0	0		
france	pooled	atok_max_idf	0	0	4.1687	8.7826	12.632	0	2.8125	3.9686	8.4133	10.615	0.23463	0	0		
france	pooled	p1_other_b	0	1.2106e-05	0.0023653	0.93709	0.99997	8.0337e-08	0.0013299	0.050957	0.9945	0.99999	0.23083	0	0		
france	pooled	name_freq_a	0.69315	0.69315	0.69315	2.4849	4.0775	0.69315	0.69315	1.0986	2.4849	4.6634	0.095771	0	0		
france	pooled	n_cand_b	5	9	18	44	194	5	10	17	33	84	0.083605	0	0		
france	pooled	p1_n_b	1	3	7	15	65	2	4	6	11	31	0.10424	0	0		
france	pooled	name_freq_b	0	0	0.69315	2.3026	4.0775	0	0	0.69315	2.5649	4.7005	0.098066	0	0		
france	pooled	prefix_concat	0	0	0	0.77273	1	0	0	0	0.9	1	0.056169	0	0		
france	pooled	p1_rank_b	1	2	3	8	35	1	2	3	6	17	0.076848	0	0		
france	pooled	legal_cat	0	1	2	2	3	0	1	2	3	3	0.066828	0	0		
france	pooled	addr_empty_b	0	0	0	0	1	0	0	0	0	1	0.096859	0	0		
france	pooled	num_b	0	0	1	2	3	0	1	1	1	1	0.28227	0	0		
france	pooled	ret_score	0.079693	0.11717	0.16962	0.29557	0.91114	0.12485	0.18068	0.25732	0.40667	1	0.29603	0	0		
france	pooled	ntok_b	1	2	2	3	4	1	2	2	3	3	0.11828	0	0		
france	pooled	num_a	1	1	1	2	3	1	1	1	1	1	0.35989	0	0		
france	pooled	state_cat	1	1	1	3	3	1	1	1	1	3	0.28352	0	0		
france	pooled	state_cat=both_empty														0	0
france	pooled	state_cat=same														0.57064	0.85416
france	pooled	state_cat=one_empty														0.17198	0.075692
france	pooled	state_cat=differ														0.25738	0.070143
india	india	p1_margin_b	-0.99996	-0.81467	-0.0012919	-7.5389e-07	0.99991	-0.99997	-0.96751	-0.0077013	-1.6997e-06	0.99991	0.091	0	0		
india	india	p1	5.0984e-09	3.8727e-07	7.7209e-06	0.00075168	0.99993	2.007e-09	1.6231e-07	4.2119e-06	0.0011052	0.99993	0.064255	0	0		
india	india	p1_rank_a	2	7	13	19	24	2	7	13	19	24	0.003586	0	0		
india	india	p1_other_a	0.21701	0.99983	0.99997	0.99999	1	0.2357	0.99982	0.99997	0.99999	1	0.01125	0	0		
india	india	p1_sum_a	0.41468	2.0905	3.1449	4.4333	6.0826	0.43337	2.1103	3.1977	4.5343	6.1557	0.01639	0	0		
india	india	ntok_max_idf	0	0	5.7221	7.5626	12.13	0	0	5.7315	8.0303	12.249	0.027623	0	0		
india	india	atok_max_idf	0	0	6.5584	9.5917	13.257	0	3.3992	6.9926	9.8841	13.581	0.040587	0	0		
india	india	p1_other_b	0	1.8248e-05	0.0018604	0.82675	0.99997	0	3.1439e-05	0.0090118	0.9691	0.99998	0.088534	0	0		
india	india	name_freq_a	0.69315	0.69315	1.0986	3.7377	4.0431	0.69315	0.69315	1.0986	3.8712	4.1431	0.098979	0	0		
india	india	n_cand_b	5	9	18	41	96	5	9	17	39	99	0.016357	0	0		
india	india	p1_n_b	1	3	7	13	39	1	3	6	12	40	0.022052	0	0		
india	india	name_freq_b	0	0	0.69315	3.7136	4.0431	0	0	0.69315	3.8286	4.1431	0.082606	0	0		
india	india	prefix_concat	0	0	0	0.61111	1	0	0	0	0.58333	1	0.009545	0	0		
india	india	p1_rank_b	1	2	3	7	21	1	2	3	7	21	0.012733	0	0		
india	india	legal_cat	0	1	2	3	3	0	1	2	3	3	0.009848	0	0		
india	india	addr_empty_b	0	0	0	0	1	0	0	0	0	1	0.014865	0	0		
india	india	num_b	0	1	1	2	4	0	1	1	2	4	0.035074	0	0		
india	india	ret_score	0.09144	0.13292	0.1874	0.31013	0.92824	0.093047	0.13539	0.19181	0.32637	0.92821	0.015998	0	0		
india	india	ntok_b	1	2	2	3	3	1	2	2	3	3	0.069013	0	0		
india	india	num_a	0	1	2	2	4	0	1	2	2	4	0.002614	0	0		
india	india	state_cat	1	1	1	2	3	1	1	1	1	3	0.027933	0	0		
india	india	state_cat=both_empty														0	0
india	india	state_cat=same														0.74721	0.77515
india	india	state_cat=one_empty														0.11611	0.10126
india	india	state_cat=differ														0.13668	0.12359
